"","X1","X2","X3","X4","X5","Y1","Y2","Y3","Y4","Y5","Y6","Y7","Y8","Y9","Y10","Y11","Y12","Y13","Y14","Y15","Y16","Y17","Y18","Y19","Y20"
"1",0.0671281201831671,0.0349048846616246,0.00791552042159495,0.0162691097278301,0.00791453089854845,0.0224817561843243,0.00638728023458759,-0.0502272179953431,0.0774795495665925,0.0124462343714838,0.0768831950157495,-0.0128672123241206,-0.0143706647763804,0.0242951552179249,-0.0172515442072657,-0.0440695422742086,-0.0329309351868502,0.00381927239787934,-0.0269369157346627,0.0582944271815935,0.0125313899969598,0.100719219121254,-0.0454707407905161,0.0161520193599528,0.0355380519156067
"2",0.0208029573889488,0.0143248194505458,0.0359555898630779,-0.0095901603611926,-0.00220315389623536,-0.0814077985925236,-0.051868497890085,-0.0550240618533993,0.0271375484144783,-0.00535169006146488,-0.0679185762289101,0.0375129878105248,-0.0409965076732486,0.0489601041198331,-0.0227841990011553,0.027117184710936,0.0295428118906091,-0.0457134046750102,-0.0555986434443389,0.0687351958058733,-0.0405429674186507,-0.00950077624411599,-0.0202844433878731,-0.0462082613351784,0.0426528184555686
"3",0.00843261434330664,-0.0176260650239561,0.00976714182551552,-0.0109425437404461,0.0280537995140862,-0.0188405387028894,0.0279128720460576,0.139005267095134,0.0157370958103955,-0.0458663008893811,0.0417522965940627,0.0366997177916198,0.015193226576526,0.0182037487276489,0.0561386881956967,-0.0118532610166301,-0.0324041316564133,0.0547119166811201,-0.060611578684196,-0.0712676908820273,-0.0280463698193371,-0.0210996204366501,-0.0287397904796012,0.00085272004899037,0.0572980850035789
"4",-0.0368562825152267,-0.0334516931470666,0.00958283634518294,-0.0023282823835754,0.0362548197112468,-0.0212706456269691,0.0206125035635126,0.0626276047745268,-0.105640091199588,-0.000993201571344706,0.00434363532596507,0.00788455961915871,0.0469370350964431,-0.0154554734609109,-0.028685829067897,0.0301181632718363,-0.0141856317352133,0.0568642745074104,0.0245134989558745,0.00521437538748511,0.0673713161155205,-0.0167842231861311,-0.0218185189063875,0.0300001590466761,0.00761615669109267
"5",-0.00593018949835233,0.0469093840816603,0.0198042097533867,-0.0189843266537016,0.00916367907932913,-0.0161552755491525,0.0825802753681103,-0.0898499166253787,0.0151386623378271,-0.0207401140568638,-0.0633279369565199,0.0377536093513445,-0.0324705148722688,0.0427539721622573,0.0109426740068159,0.095769392648508,0.0736514221207756,0.0318421361083833,-0.0471186779395133,0.026674800849852,-0.026931229229691,0.084188277501082,0.00629959049326506,0.0213934570986443,-0.0138232417101678
"6",-0.000652920886854175,0.0216940706919189,0.0308660736236679,0.0209448078740594,0.0177248654584615,0.0748151915437101,0.0636818760457897,-0.0116767745845365,0.0205989216792959,-0.00328278572564002,-0.0204167494280481,0.0388138730245469,-0.0225674763683616,-0.00832094095118854,-0.0461474294330556,-0.00771726843720861,-0.0566634468123516,0.0813862710188207,0.139520991229463,0.00277341650174899,0.0167650838528623,0.051900931671497,-0.00604272510793059,-0.0401378782198107,-0.0172944056925891
"7",-0.0845890813187928,-0.0227332903513516,-0.000471241407629293,-0.03142371279569,-0.0128371405890921,0.00656042565024619,0.0319098703120696,-0.0257656083050076,-0.0124170967424348,0.0212594055059279,-0.0300818796291439,0.0365669018178021,0.00791250484819125,-0.0191197068823848,0.047789989682303,0.0212152280019994,0.0270704260413888,0.00442163367726104,0.0217428716272411,0.00926448024066058,-0.0197248407004824,-0.0233062356814198,-0.00114767527917151,0.0711219401591393,-0.0105955909403726
"8",0.053094611269644,-0.0020396284468908,-0.0201177745826021,-0.0241674550875839,-0.0123789528552814,-0.0450580291057966,-0.0174260660067655,-0.106330181593043,0.0238667035279659,0.0270427702028729,-0.0337410660512873,0.00193266614897388,0.0271021039361469,0.0293428953913992,0.120189477420398,0.00932930762768625,0.010603880251173,-0.0582590051876914,-0.0149473100503143,0.0612520809840897,0.0668904920049644,0.0545381743394737,-0.0182547975480831,-0.00291080134990407,-0.0171157812044681
"9",-0.0119243550580686,0.015904494418339,0.0283858383748564,0.0283183892384075,-0.00962742157242518,-0.0384101409880578,0.0303622836146653,0.00620932167380053,0.00393587027273756,0.00955903861340095,0.0588455080761973,0.0305920668383471,-0.0173755286527347,-0.0291369990795392,-0.0397015374106828,-0.108849852372699,-0.00990811142188501,0.045705977645406,-0.027944130971455,-0.0757107269478693,-0.00378142536683661,-0.0245272414707522,-0.00925204501086902,-0.000113630750762086,-0.026202698433504
"10",0.0619032109359654,0.0566376051705523,0.0179932991785246,-0.0181691556203061,0.00505698991525958,-0.0344588458813715,-0.0640938235182649,-0.00568253654526901,0.0177758943842242,0.0344811380335698,-0.120630849247323,-0.0315883145745487,-0.0219601867835609,-0.0114787716271226,-0.10956252602569,-0.0176148474830608,0.00567026298839363,-0.0306600357305432,-0.0643004971148006,0.0427286147296488,-0.0604481422930015,0.0207691728151104,0.00276238945770801,-0.0386484836489309,-0.00117591773133467
"11",-0.069876920748862,-0.0168968088760609,-0.00927208797284834,0.0685380979147031,0.0101275002166299,0.0207940101991575,0.00804642758423992,0.0594301641194976,-0.118903113414043,-0.047622444728819,0.117947261107444,0.016965527052942,0.0333341157707647,-0.0250569043052341,0.0196027086396619,-0.129179540599789,0.0687235308866373,-0.0038181402461851,0.0300124250534045,-0.162997759318329,0.132968541299105,-0.129246809963981,-0.0495828979638104,0.0646995491412053,0.015248002509712
"12",0.0827546091930343,0.0382779706151783,-0.0138741284406252,-0.0167771260042014,-0.0427168679764824,0.0181222005315416,-0.0561614332790007,-0.132986656942366,0.0401154198849858,-0.0179231443903761,-0.0836955065673313,-0.0851435237975685,0.0495459816739523,-0.0210088834636056,0.0316539517750247,0.0610691530642568,0.0138752615668345,-0.0173572025495386,-0.0125214847004272,0.0169470437158754,-0.114910011009989,-0.0095376932332769,0.012521809037365,-0.03444274294979,-0.0286689451864322
"13",0.0293611719617018,-0.0140433032526804,0.019707605892775,0.011129549595238,0.0230360732929816,0.0220453195458982,0.0342574162018853,-0.0817010204798111,-0.00718405287736019,0.0452992531883103,0.00993632327373862,0.0593269997935494,0.0291868136722751,-0.0367284004122607,0.0300818721594436,-0.0219493146899342,0.00198227351121455,-0.0237181614109579,0.0696032643949026,0.0276259627571949,0.00852075146700831,0.0163756905602527,0.0413645176189377,0.0071038080292958,0.00388325725016401
"14",0.0456883834800661,0.0195302604469022,-0.00374148578746862,-0.0302253927017779,-0.0297944535538781,0.0113802760087689,-0.0102670675471038,-0.0243740094793894,0.113906371043809,-0.092709557075256,-0.00386688939558027,-0.048406532639687,0.0265675833842828,-0.00483337738950743,-0.0387751142012746,0.0393679028835085,-0.00038335385845148,-0.0226867167584625,-0.0116226028459408,0.0480444862033561,-0.154123511826156,-0.0283914057850785,-0.00756022348865704,-0.0440161168553856,-0.0573478704171631
"15",-0.0681197471287755,0.0245488448355651,0.0143962119128106,0.0379472209089795,0.0158079355560049,-0.0158447964225671,0.0489071054838445,0.0220496832781585,0.0825560639355169,-0.00613101294534778,-0.00317095790959831,0.042725982324578,0.00304200014189495,-0.0371996001133454,0.0386515654107765,-0.0531490953721247,0.00801472932041779,0.0458002734223612,0.0268841482078767,0.0164586064755163,0.116823448127984,0.0272082433596839,0.00589656605609625,0.0303880211433834,0.00813841256268651
"16",-0.0628575316660038,0.00995124363530223,-0.0242927595626937,-0.000161615282468778,0.0175935699476199,-0.0224545006122298,-0.0591644075195203,0.00592510777576714,-0.0218289857252692,-0.0398244220309071,-0.0391049795473188,-0.0074279789518685,-0.0339113771956037,0.0140846545217183,0.0644149924761383,0.0282004903278829,-0.0491335772232145,-0.0405427347326996,0.0483165691560937,-0.0677121808881414,0.0969620629156446,-0.0403452272554308,-0.0210324019145599,0.0362976899666265,-0.0136373882148274
"17",-0.000777438313539468,-0.0325677266085028,0.00100886868709349,0.0111657553929461,-0.0200434684422914,-0.0759094155598584,0.0605193611929182,-0.0604991855990116,-0.0723562090946226,-0.00252927349889675,0.0363855106310495,0.0363872828739444,-0.0013605785856938,0.0734804591510995,0.0395798090310397,-0.0361645968571479,-0.0616277820673402,-0.0385803792300472,0.048784785298045,0.0488201344168059,0.0421145851901369,-0.0139084094011417,0.0160720955062197,-0.0655575214242817,0.0222279965663644
"18",0.0122780639352077,0.000474160150615967,-0.00396708994356833,-0.0163829404875447,0.00050521455573929,-0.00909169673812887,-0.00915058637620069,0.0275727462133319,-0.0561364858888835,0.0484832020167399,0.0692775989171668,-0.0536497375834798,0.0956471867795625,-0.00423133176356766,0.0036077821458691,0.0329683108367948,0.0717232219480353,0.00196051265853597,0.0222892432704453,-0.00847753041220087,-0.0418248629528858,0.0104348887471999,0.0520889747685382,-0.0558500957287833,0.0205790089932529
"19",-0.0180065318294216,0.0462179874567325,-0.00727794567305195,-0.000598193162228847,0.0102892481431968,0.09001414924789,0.0464080704887823,-0.0392747848404327,0.0630512017931773,0.0409533937841898,-0.0522388695004121,0.0121646825305499,-0.0447516306408988,0.0176880882801879,0.0117992653107901,-0.00893700768188116,-0.00795578297087893,0.0106510863577538,0.00961935767417338,-0.0292045747925129,0.0160082544607908,0.0124793013121436,0.0453880593250414,0.0963441890551224,-0.0110714958075185
"20",0.0838541013294796,0.0184923477179656,-0.0054215535635085,-0.0131291702901944,-0.0179935432616918,0.00372460890309021,-0.0462273834486987,-0.0678932459058612,0.0174501931957063,-0.00434864924541673,-0.08402663120376,-0.112901714979482,-0.0160646883902222,-0.0520933148836851,-0.0551204390802612,0.0185002484626441,-0.00367069410948441,0.0707573489132852,-0.0183142557887205,0.0477266909726343,-0.0934567060311714,0.0155935358451201,-0.0193849576430783,-0.00680401440956226,-0.00196374374648026
"21",-0.0201051968136072,0.048229930714336,0.00457783554328684,-0.0257818668815313,0.022762799040901,-0.0374383524862071,0.0551126423659774,-0.00521358298094566,0.149576768852269,0.0158744201234586,-0.137378275294,0.0435453290040691,-0.035897722547591,0.0340751323638064,-0.0423531992126716,0.00755260052428322,0.0635966178885297,-0.0426929864446113,0.0658275585230488,0.0267266092969588,-0.0575357221366774,0.064668643506563,0.06904873836384,0.0979329300232817,-0.0504689331000482
"22",0.0308090448342539,0.0158559688909087,0.0355556333909795,0.058593405418424,0.013062112572381,0.0823452464825559,-0.0464468157816707,-0.0307080730556843,0.0293747383366452,-0.0135682425592553,0.116120299415552,0.0600237044154233,-0.00205745367963743,-0.0586229921236457,0.0130088525251029,-0.0230359606649195,0.0241405559883103,0.0124797519656127,0.109599148722159,-0.0434445876192791,0.0828139556489616,0.00655239862831083,0.0058819024334501,-0.0427615499895996,-0.0465456827808448
"23",0.0880716055511021,-0.0276913387056959,0.0130195834238809,-0.0131788349763015,0.017102446923157,0.0429092356615119,-0.000200132728226686,0.00475850765857162,-0.000116487578567869,0.00502806619178638,0.0328346333494984,0.0344733103651889,0.0213959610206009,-0.00177841276472589,0.0250779955246096,-0.0349271362304348,0.0772764153480143,0.0305203270475506,0.00988345909209392,0.028157950802668,-0.0691543396216186,-0.011805980384957,0.0642138089846971,-0.0301853080398484,0.0295118565026563
"24",0.00746101640224811,0.0255921238532525,-0.0079617020023452,-0.0217626741060387,-0.0246369930131205,0.014450978150602,-0.0972189759162324,-0.0777256323222349,-0.0150678312989478,-0.00396471565909691,-0.0554709698272289,-0.0770428640132822,-0.0138919492655678,0.0629607383190676,0.0369212905990577,-0.0119338934335534,0.0140499339614692,0.00553314513667418,-0.00895498422064718,-0.0335634423639313,-0.0682374623072227,-0.0420784411435723,0.0217328281467052,-0.0192221972276123,0.00611737414712749
"25",0.0286322554134398,-0.00114571740200887,-0.00471116795742292,-0.0198302835688519,0.0326938661396066,0.0535977409623152,0.0243178777971413,0.0172205704688837,-0.0146824611404819,-0.00471588858199573,-0.0332255218940352,0.0489658081491258,-0.061654537999327,0.0339983390830779,-0.0525425207475264,0.102786994184498,0.0256357749634606,-0.0376661694436612,-0.0993143506932631,-0.0163627806720703,-0.0788582078479903,-0.033443920375934,0.0538369568127172,-0.0484062725914415,-0.00653681089936633
"26",-0.0553371372251107,-0.0585670983958718,-0.0057571933945562,0.0506703935920889,0.0147835883257766,0.0216205685299156,0.0195288176120163,0.129382944272911,-0.0728495308539155,0.0110423615502596,0.132645062811367,0.0522509245690595,-0.0956955286267997,-0.00322875659292396,0.0371177418798137,-0.0458352747046308,0.0774507792885117,-0.0737552423963454,0.0431721881701464,-0.0153936851923658,0.0911942814619653,-0.0878443823438224,0.000476957264216579,0.0593651682192451,-0.0389769882547498
"27",-0.0453105792096978,0.00327383519504868,0.0310206847469884,0.0431368765161651,-0.0239633873537049,-0.0808399864146801,0.080775417675754,-0.00315453945271849,0.0270140208203108,-0.0109514384994581,0.115989716066848,0.118091800199122,-0.0167483372150132,0.0236986428716972,0.0152383217861663,0.0268285783842019,0.0387877125959157,0.020715913088819,0.0716768189696715,-0.0427115192039678,0.106605693324613,-0.042314558597409,-0.024066357957917,-0.0360612207302893,0.0387476689786626
"28",-0.050607125519236,0.0396656458235611,0.0402094979509179,-0.0318399323112602,0.0234674737564935,0.021470436745425,-0.00863642858317399,0.0292805149069855,0.0547469904612224,-0.0291101845640878,-0.00372775472439581,0.0191951484345546,-0.00904574114888454,0.0622767770554158,-0.0040260416360711,0.0550821887390677,-0.0243803038674995,-0.0056538389488975,-0.0203606627734401,0.0435252667534966,-0.0279705309698055,0.00208407980623652,0.0812580293726958,0.0162292495233961,0.0289169494277557
"29",-0.00936068727808878,0.00967425389920371,0.0135478880445309,-0.00701662827761914,0.029831157652024,0.0192907887933296,-0.000623549255912769,0.0490045560766004,-0.0190056322726805,-0.0292828719252246,-0.035798193669533,-0.0149119573516702,-0.0525583123801926,-0.0960806835036933,0.00697122994849496,0.0405754926264647,-0.0794349644332654,0.00220244829354216,-0.0145674066185521,-0.0530312471673983,0.0368905409737567,0.00272765844052258,0.00242293348403585,-0.00535043524329784,0.0417557083264876
"30",0.0484434959261759,0.0303560033763852,-0.011726219408121,-0.0310215251448586,-0.0132885739787126,-0.00610616286900217,0.0347754317057215,-0.106161430794259,0.0589507582922951,0.0104149568349275,-0.167891952432075,-0.0445632078842726,-0.00344864721696058,0.0134244143368776,-0.0222950550413099,0.00806226569616528,-0.0800247523301839,-0.037538192023384,0.0216058663602909,-0.021033796707281,-0.000606080936560782,-0.0795651228440391,-0.00640496074970581,-0.08686962288995,0.012541592956792
"31",0.0355167035386884,0.0134846451340612,0.0304301174378749,0.0116634053727923,0.0070595056708558,-0.0232462152321016,0.0256876509810036,0.00187563804805548,-0.0306854214754212,0.0138081906268264,-0.00534270470205534,0.0161010414740031,-0.118045149402398,-0.0242689257983591,-0.000106602842142681,-0.0312385872005812,0.0301657218571385,-0.0165854090894304,-0.0259525863050573,0.0528717319741115,0.0516342758444321,-0.0564259077016805,0.00849072841844512,-0.07249288542422,0.071283351129426
"32",0.0552429844881356,-0.0171112418627099,0.0429650766945293,0.0311115040401799,-0.00188199762918306,-0.0761353181018255,0.00571052144162221,-0.0160360060092104,-0.0758659508959013,0.032658190033053,0.0236647766772139,0.0304660534344306,0.0351952597751058,-0.065262445268925,-0.0094813730355536,0.00484300774501889,0.0460778831323344,-0.0196390702190788,0.0419792533130408,0.0252941985148681,0.0563176781136232,0.074705378048893,0.00668468885381065,-0.0094513355131592,0.0393621786339975
"33",0.0285868503336915,0.0390094114896746,-0.000496069793084949,-0.00480680781915901,-0.00479457924999932,-0.0579423533543861,-0.0169923711889143,-0.0786283731620159,-0.0113772841259962,0.0210047471988949,-0.0131684117927416,-0.0256938978904529,-0.0513364206730286,-0.00389673224058309,-0.0624426975618421,-0.0110502941067956,-0.0759943330621694,0.038759659854317,-0.0373569944953797,0.0374275358162446,0.00804016817996039,0.0753050103518628,-0.0491395081194108,-0.004661207669542,-0.0227734101020988
"34",0.0261334717786198,-0.0371575581588779,-0.0372698374499044,0.0154873064130896,0.00192881198170768,-0.0466108038782202,-0.00788062979131246,0.0492387491649919,-0.0464071575011141,-0.00222490379372211,-0.00591367908723761,-0.0218457014840391,-0.0254817060813987,0.00983505391362076,-0.044885987388792,0.0106504710738887,0.0566041625783978,0.058187092205893,-0.0183393008226162,-0.096051373208072,0.0201410940575867,-0.0332829437359808,-0.0058757984020962,-0.0230791068210831,-0.0210266699831639
"35",0.0105775903757401,0.0218567824767337,0.0249971787057692,0.0250477976783325,0.00377923084392972,0.0549955437371924,0.0122846092880218,0.0108372261972762,-0.0650162660836385,0.118012385830068,0.0206156477226845,-0.023341938933114,-0.00122929529052167,0.00445453599905484,-0.019598462169885,-0.0185598066089376,-0.0414854140401232,0.0291343087273022,0.0749265499535909,-0.038815397636151,0.0803522821438128,0.00492948043133779,-0.00156353940144893,-0.0398714328344682,0.027203737401524
"36",-0.0700910158319348,0.0016876626453686,0.0208345968052483,0.0193712931076403,0.00662984191337576,-0.0142540995397033,-0.0090748684885139,0.0987545180414237,-0.0204533709032194,-0.000745592262129436,0.0566350675102124,0.0282173330178657,0.0051422061421795,0.00337215007252913,0.00707687228316533,0.0444756722070238,0.0684318347039009,0.0303752013439374,0.029311278264656,0.00174694598856097,0.0742687164982116,-0.0582055732067856,0.00552441138893817,0.00646484423563347,-0.0148164318697155
"37",-0.0445282402665467,0.0136453549972231,-0.00429335768671071,-0.0364159884169087,0.0224366370278903,-0.0382224810462701,0.0250423488085719,-0.01375583911333,0.0550011012678524,-0.00298194084318568,-0.0741630493824971,0.0421359461955087,-0.0447554287751219,0.065701239513427,-0.0277758921354688,0.00205479918146127,-0.0399573500086316,0.0335935357176762,-0.0566762673986241,0.0214235917953945,-0.0673427147394568,0.0559527146538995,0.0360492347254091,0.041701675538404,0.000637161760227495
"38",0.0606722818047165,0.00939724428814596,0.00123998758272976,-0.00654046918817215,-0.0164148234304588,-0.0336419868403024,0.0101230549743963,-0.0456600095902455,0.0207722995427774,-0.0206425100080637,-0.037145320342706,-0.026078833127928,-0.0691431584426238,-0.0616175283535509,-0.031181251017849,-0.0524088048967535,-0.000514168009489613,0.0261592567072286,0.013008630255875,0.0515361664685543,-0.108826592792791,0.00135214695565914,0.0149409883461489,-0.0672291182524991,-0.0131905705755228
"39",-0.0211808436752398,-0.0126326875630011,0.0216714430340351,0.0391088562265304,0.0168699833473038,-0.0230111333045782,0.0280773300522232,0.109072102752915,-0.0425878365384425,0.0521764259924241,0.0472908941229896,0.0430997032481705,0.0157393464136813,0.0360835948958193,0.0145152829852942,-0.00369090806907687,0.0563461347851449,0.00482547320294896,0.000718953072049291,0.0190108838933227,0.0397406353297888,-0.0656836031307034,-0.017221331109871,0.04108430070552,0.120889967320966
"40",-0.0589067386160713,-0.0110451255963868,0.00584018894966435,-0.00807907874053102,0.0350290917293847,0.0268733584549013,0.073155031772362,0.0581176103201477,0.0486026633160933,0.0321522487528941,0.0844386862355357,0.0307595312988533,-0.0518613266776288,-0.0745325422530481,-0.0204501626952704,0.0672342899632813,-0.0233576985588299,0.0622844509882836,0.0402390778921009,-0.00791560978612061,0.0205381936369125,-0.0431341375523398,0.0366262241128408,0.104970000643366,-0.0311908245052459
"41",-0.0507933429998768,0.00272063958266414,0.00126673922351328,0.0227304627277422,0.00658172710982227,0.00916035446687707,0.0841679169400058,0.0108950736565596,0.000178798677277981,0.0276365368191466,0.0777258381688551,-0.0313486376365515,-0.00745353261821979,-0.0248259817554984,0.0254661706580164,-0.00087136941934327,0.0608839877913907,0.0500287904116435,-0.0255336998384543,0.00591356878732122,0.162180857258981,-0.0183686090147672,0.0571430176675105,0.0332090764044341,0.0162797272196005
"42",0.00725093122688214,0.00139393395197688,0.0150858580119956,-0.0114468160515382,-0.0247906302049778,-0.00634330970259557,0.0256281612408797,-0.0668194456563402,-0.0945764293202444,0.0231612439194595,-0.0114647753578699,-0.0378135958290889,-0.0219386733029703,-0.0379026539364888,-0.0185278494610059,0.00180752525534485,-0.0683483830560323,0.0616122441188218,-0.00903424665315452,-0.0806021226562361,-0.125458671409129,-0.000952100477822177,-0.0338277074287747,-0.0649291462030119,-0.0164297916983472
"43",-0.0244314006121,-0.022247215448929,-0.00632504098083103,-0.00177987278746066,0.0317097797243798,0.015084545299082,0.0333720390422385,0.0527973346617896,-0.0106876754025622,0.044329808337989,0.0445179419793848,-0.00546995949844135,-0.040935150362325,-0.0353122708442124,0.00501117803747775,-0.0017838855889571,-0.0108807833910845,0.0319740233090033,-0.00109523748566432,0.0326106809345364,0.146121008861916,0.0879672647133928,0.0560719120218303,0.00722400299891189,0.00994479145218185
"44",0.0289464711683345,0.0141640089210656,0.00123656441788015,-0.0109780121831855,-0.0207609308463351,-0.0473819860436671,-0.0430504858810436,-0.0393908816586665,0.0421082080166151,-0.0551545290777035,-0.0484328252193697,-0.0757983814964811,-0.0288025765017645,0.0174025445223522,-0.0198296755605413,0.00909486804380195,-0.043174682095833,0.0513757087054524,-0.0306707615767308,0.0208371255539861,-0.0601719118245935,0.131025959196386,0.00553095284421967,-0.0229018888515958,0.0165817122616379
"45",-0.0344157982906021,0.0317362402208935,0.0482107232277276,-0.00216572829233827,0.0543069899863483,0.0937095283062792,0.0396642410252758,0.00871547592276425,0.0590787564303411,0.0475673306467082,0.0594702653033015,0.0302438084291397,-0.000947172206145199,-0.0303899330629734,0.0687102008913274,0.0337886974478079,-0.0107800567830389,0.0257704404042895,-0.00998450732926408,-0.0192551412125681,0.00358781851766837,0.0269287587439033,0.14054314802929,0.0221171011014061,0.0610511004635177
"46",0.0982040934271627,0.0505628080305367,0.0318142234932804,0.0218819484470331,-0.00629133997467952,-0.00510020353703306,-0.0261406859247422,-0.0151550866950001,0.0121941189014939,-0.0931861719090536,-0.0537037650313354,-0.120823530470423,-0.0343348156600207,0.00400791935081262,-0.0401798279718452,0.0142107872348126,-0.0443592827293383,-0.0397998353284245,0.0169547626706501,0.0866762751975807,-0.0224534179737739,0.125845719783879,-0.0319808860488894,-0.0739359941629292,0.058732605480959
"47",0.0379972487032108,-0.0295907974985288,-0.0370343998131243,-0.000383677932229584,-0.024990786764346,-0.0208855682365653,-0.0382659364491934,0.0268770319541443,-0.00861486954055898,-0.0239973588177853,-0.00187677274167212,-0.00988835865915527,-0.0188501806995158,0.0383431925639216,0.019775601104958,0.000785894576743878,-0.0432248087215795,-0.0471788280365481,0.00280657276677052,-0.0212647507355161,-0.121971684968387,-0.0508978976692282,-0.0779761814176713,-0.0191629819399752,0.00106253823175216
"48",-0.0277439822560738,0.0292928837852747,-0.00572713005213036,-0.022505653743962,-0.00999560961723121,-0.0676295247914405,-0.0637831528477924,0.00461134722582858,0.0715818868371484,-0.0432870895105232,0.00747458333322052,-0.0493295112885355,0.00249171586555094,0.018335461965035,-0.0961160262066471,0.0675273307213799,0.0254008373280099,0.0506008808749047,-0.05791541887485,0.0396118548059246,-0.0579448951436452,0.0235282630863347,-0.0578389299048081,0.0551637995871568,0.0413122711045947
"49",0.0161567141403858,0.0060466445769564,0.0211282820208947,-0.0274324878465739,0.00876560752522929,0.00167195976164111,0.0618510583377886,0.0285109308388431,0.0150307216094171,-0.0203467033130919,-0.0560387693185624,0.00424523134164921,0.0144600935131407,0.0889374117207927,-0.0435489098552494,-0.00809220179616187,0.0551523728647012,0.069587418519928,-0.0416910721525548,-0.0370007360644973,0.0217578090257424,0.0313072380661731,0.00589199250634947,0.0340367366068317,0.0232536931494353
"50",0.0655253883617653,0.0319580894081288,-0.00224633013360562,0.00229925113467555,-0.0226027534439174,0.0302675957600282,-0.0781922228429098,-0.0584720510112347,0.0304578589367302,-0.0120002162959274,-0.0425688654328905,-0.00782047519126778,-0.0503100819250714,-0.00551441214015727,-0.00267528894508003,0.0179756426378117,-0.0758274834978365,0.0264017707709288,0.0649407455677335,0.0430164777987346,-0.0710953868909924,0.00831191192585795,0.011324094699082,-0.00210126027282007,-0.0581324909739847
"51",-0.0424241115930973,0.00465743813030758,-0.00438286004798551,0.00332792485468409,-0.0013895656589503,-0.0192745973834772,-0.0180129604865417,-0.0574614485916553,0.0180687832573522,-0.0110628280354012,0.0329215653506233,0.0281644840253536,0.00382620471906127,-0.00292542380640194,0.0161112799824022,0.0906886248576776,-0.047287619017419,-0.0388241304650688,0.0367289797725976,-0.0344476134209582,-0.0111197533436139,-0.0389298149572297,0.0549149663076199,0.0837959027693361,0.0456417821649142
"52",0.0701821163307124,-0.0152285355562183,-0.00896745102804182,0.0233065826889093,-0.0256416442254761,0.0231258207391105,0.00439948771796075,-0.0227205041658893,-0.0310902480448475,0.039866826436661,0.0298903201657048,-0.0277881595119412,0.0289226678565098,-0.0198788312942437,0.0414421012283984,-0.0410876156523584,0.0340784159164549,-0.0487601538682078,0.100760938822634,-0.0591418910091831,0.0314017148047134,0.000107638464658612,-0.0735274040646739,-0.0260788889128877,0.0288614902268754
"53",0.00682170602685728,0.00651381117913775,0.0247828191334133,0.0218368462777405,0.0197492585968046,0.0576339294888892,-0.0644431307041909,0.0569298229596769,0.0242567679610872,0.0337551960708903,0.0343562443225472,-0.0130019153888954,-0.0775391904130797,0.0192232068969696,-0.00503652607758893,-0.0302256342771375,-0.00807509188558527,0.0217828369497333,0.0231881172521942,-0.0183073864688824,0.0662292919425997,0.0841801141003143,0.0745687663290514,0.00411017816429034,0.0192241612468364
"54",0.0157834442802646,0.0305277495950107,0.0157591318702108,0.00789119063293177,-0.0073021391070162,0.176601802537734,-0.0311346378667667,0.0272727944820439,-0.0249722689163898,-0.0524651580909314,0.039090833921211,-0.0979232451979293,0.0301509774076727,0.0134719562501164,0.017352121482612,0.00976099277881147,-0.0223980141302336,-0.0882292375176193,-0.067654558429436,-0.0128663693435809,-0.0732390229623739,-0.013931302329289,-0.000149871397566394,0.0378179787972809,0.0328655106413418
"55",0.0568604169264099,-0.0242166018588801,0.0133936035965996,-0.00650848628477932,0.0199670126099594,0.0565739030123507,-0.0554191082498361,0.0119790787693791,-0.0297836255281453,-0.0274480137442739,0.0462895932179359,-0.0384919137009743,0.0513590254047886,0.0224991703750034,0.0112427669826249,0.000399160654628229,0.0127177608364478,0.0241273903802483,-0.0111841922878214,0.00663922786994236,-0.0802915201039115,-0.0987693580138412,0.0330442090004904,-0.06373248952901,0.0483995381079681
"56",0.0019682206168982,0.0280315979109577,0.0326559531786657,0.0267915574707786,-0.00454547904204643,-0.0225998600567815,-0.0118061890020494,-0.052399502723598,0.0184908180260365,0.0575716294516769,0.0911354363007606,-0.0516677429376627,-0.00868590689914367,0.0329671119716349,-0.00921019043337674,-0.0254470927397139,0.0841534708405329,-0.035640960073198,-0.012849219421193,0.00296354269772144,0.0607336809015498,0.0431324748540187,0.0407120736919944,-0.0513073222183976,-0.000142807222914251
"57",-0.0359215978438729,-0.0606807751530082,-0.0518334974602301,-0.00628592098649745,-0.00806055492272418,-0.0289612412937154,0.0126514269582916,0.0250793391685584,-0.0123034873727472,-0.021366541814932,0.0144477481301624,0.0175527409529445,0.0329135413690796,0.0221545457906476,0.0496461494876597,-0.0465947580712328,-0.0113139563117776,0.0165589582195244,0.0598585580123208,-0.0226004149189071,-0.0239030350742,-0.0444379705146621,-0.0488589127291643,0.0668478300826398,-0.105167739369316
"58",-0.0406937358891365,-0.025249722196401,0.00346027957866517,0.0506554700772594,0.036531092175192,0.107698697717745,0.0809301045686173,0.115580868863479,-0.0601436509603086,-0.00680491409937431,0.0925581272267608,0.0647648174529201,0.0596782672029056,-0.0412303313519068,0.0226935985427974,-0.0797135967945622,-0.00997962324790264,0.0143174730022496,0.0360340275945631,-0.096000091503626,0.123802507838536,-0.0581406458121962,-0.0390794710543256,0.0562923747687005,0.0577049925798143
"59",0.038572077018759,0.0272080591853466,0.0463686316068858,0.0237343781814873,0.019440848792438,0.0495769235421364,0.0309527005741357,-0.0120126479646498,0.0500110288481715,-0.00531052784929835,-0.0326602422327965,0.0348015328621478,-0.0452477769275849,-0.0619928812030951,0.00751734314735215,-0.0704483130269734,-0.038335811293092,0.0167586692935212,0.0796231611456582,0.0114909567986721,0.0428019821935779,0.0490661999390514,0.0215317452845127,0.0205069613032008,0.0393024826782609
"60",0.0195623422309958,-0.00169898218235673,0.0343351560450068,-0.0232176948996387,-0.0169718870619691,0.00796614379273654,-0.00948895954040176,0.040073879684119,0.0207389370190773,0.0173196152186082,0.00715581475182529,-0.00988320636354136,-0.00612722677236,0.0274095070565723,-0.0204625490026183,-0.0217827150833263,-0.0351572790784919,-0.0864037305035457,-0.00591696603420455,0.0256592403029506,-0.0063939123146759,0.0771183883406979,-0.0162920485894315,0.00239667694702791,0.0549195472296655
"61",0.0424736462859407,-0.0141414703521094,0.0249041776053635,0.0106458275604186,0.00925119096497497,0.00390767846868455,-0.0389581284320327,-0.0188158827778445,0.0482188343192646,-0.00104696491212136,0.0690695383446686,-0.0254475031337969,0.0508912134438145,-0.0512624706491327,0.00994491658022682,-0.0792373434515149,-0.00604619765908197,-0.0328509805169152,-0.00116234019845571,0.053064452835263,-0.00957954504013174,0.00987407754504461,0.0274079978011693,-0.0300031089847789,-0.04501695650419
"62",-0.0377972292963712,-0.00100265391922455,0.0149007494795197,0.0246078863152616,0.0388041836009941,-0.040487933107151,0.0632093124308003,0.0644994454434306,-0.00257324415628639,-0.0206374137118835,0.0118059347842432,-0.0168554730524397,0.0330916760878423,-0.023190512125863,0.00899909541034368,0.0134050977174671,0.0355517754419448,-0.0040278874608906,0.0758567131467012,-0.0624785672493192,0.0747582830814221,-0.025207779803188,-0.0140152727757174,0.0754571413962554,0.0350706564705111
"63",-0.00355169472700798,0.00904675902106169,-0.0065419162415832,-0.0130337803471125,-0.00407256423501206,0.0273204845899649,-0.00922733246432032,-0.0218162096438122,-0.00838825140038252,-0.158341718134745,-0.0483648248631547,-0.0950545622064442,-0.068532864087282,-0.0394290419452557,-0.0660156697047306,0.0221416197651862,0.0451674487444544,-0.0574825634952505,0.0563099559720362,0.0197244257370473,-0.0177163569993027,0.0354334951808222,-0.0284149948166397,-0.00319617052916672,-0.0582093655323999
"64",0.00192156613472893,-0.00418029413683353,0.0303027771083944,-0.0106048888318683,0.00675697165261162,0.00606319497021544,0.0552589239861475,-0.010907504040797,0.0998095905094003,0.0295708573017957,-0.012307391834918,-0.0134192816417312,-0.0688632683786016,-0.00791317812049904,0.0167115547056312,-0.00812942343337246,-0.0460907211309641,0.0419969641620576,-0.0545715419017465,0.0387926562723544,-0.00924521710736004,0.0339550672830211,-0.0570662762824701,0.0128377713338399,-0.00834811567818501
"65",0.0453447144410225,0.00691166318199793,0.046854610178484,0.0076254657546598,0.0127038653662832,0.0368177277554284,-0.028690066179004,-0.0805967993052754,-0.078579972611017,0.0797923911887573,0.0216132336394152,0.0251308026585602,-0.0514888669737898,-0.0388705443838429,0.00536104294840863,-0.0348751011853927,0.0149425812339952,-0.0171987956135729,-0.0156683798272815,0.0441647081332192,0.0621793169222647,0.00534646496568757,0.0877515109951524,-0.0154393062456226,0.000762663160699732
"66",-0.0285925866640288,0.0177711200781816,-0.00641219789107884,-0.0079828283575987,0.023487516974113,0.0603908586903484,-0.0308046736802883,-0.0167819979895567,0.0733614332331961,-0.00707802538262298,-0.0324909551553148,0.0356560302724743,-0.0581061605180618,-0.023932954137839,0.011150109863767,0.0608937467287371,-0.0150259376357804,0.0220423240480093,0.0431669905309415,-0.0423994599751505,-0.0366737747094473,-0.0177402990964928,-0.0597444250643866,0.0318455370295081,0.0659977935302192
"67",-0.0473101774272264,0.0262794411516276,0.0115939099161221,-0.0201154740395087,-0.0233999666291647,0.031249395882212,0.0145036592337117,-0.0223697056481263,0.0188457103254191,-0.00453020903727472,0.00774942832093191,-0.0685038651162796,-0.0332408409256951,0.0250225408851287,-0.020974059759839,0.0261856381294673,-0.0795436137229913,-0.0357423028954543,-0.038268019969898,0.0460848724696729,-0.0786041813850822,0.0441380232281727,0.0136148164862773,0.0304171509348248,0.0609866410222169
"68",-0.0730521581737839,-0.0291388825348705,0.0469718928901254,-0.0020356449012061,0.00154515466251687,0.0141868004924682,0.0435900821676827,-0.0259101363853148,-0.0566046533410691,0.00284614323624433,0.00880370418410203,0.0495175361373116,0.0883959094864613,0.0437834634734392,0.042707898784973,0.045518501652865,0.0236488792182327,-0.104354531033263,-0.0311453713564646,0.0257365064217075,0.107321587954398,0.0052960235477581,0.0174806199490876,-0.00270154234339474,0.0336930007437651
"69",0.0420051394465338,-0.0106232165760594,-0.0308669689332975,-0.00954415400988816,0.00950332267029976,-0.0137170413919184,0.00187858100253982,0.015530884600868,-0.0174128798317732,0.00225593538517408,-0.0273653180133674,0.0117469294976828,0.0342374106871361,0.0162897145444017,-0.0170466409967386,-0.00725338653370792,0.0252408733481458,0.0378317790211136,0.0405812022468358,0.0182001017778669,-0.0467236186300601,-0.00553945080645158,0.0336034217754878,-0.0360778499447697,0.0544471508038675
"70",-0.0711678130589084,-0.0194921685806633,0.0607937846465123,0.0627935145946897,0.028833424518044,0.0321620644346414,0.0756106974602573,0.0243121913475815,-0.0714466758889969,0.137714734868691,-0.0160899364818419,0.114029961829417,0.00550730312208653,0.0230362557477729,0.0320840323941529,0.0236470043626824,0.0785009308699359,0.0101678820382161,0.0440107941048216,-0.0661688039495872,0.106579987833228,0.0504637159455929,-0.00651178662094446,0.0413450848269009,0.0298943762933024
"71",0.00318323151408247,0.0269345697856601,-0.0034447329748543,-0.00833228004992171,0.0351380161156277,0.0652890613083455,-0.0219679791583583,0.0248414094664578,0.0323778616933882,-0.0281435778828715,0.0108352392435003,-0.0260019528355787,-0.0233075382009612,0.0341589181385484,0.0349648191435484,0.0128714324948662,0.0057126199179192,-0.0386552482199167,-0.00976771717711562,-0.023193818848173,-0.0107024043557531,-0.0402377271730458,-0.0487996519580081,0.0140297912626254,0.0447891856536646
"72",-0.0156059422537556,-0.0295870149740279,0.00823550826022977,0.0210025000869512,0.0116078248755253,-0.0339723489486018,0.024907862046093,0.0208305640033058,0.0272822655002146,0.0048850799428368,0.000191681126391376,0.00626682687563156,0.071072589148429,0.002061423687908,-0.0201351009272866,-0.0190002306828341,0.0724023612426408,0.0106390848896774,0.0297595688691236,-0.06697185878224,0.00517334195275264,-0.0353288926730615,0.0330710049282199,0.0219207664793178,-0.00397931852943976
"73",-0.0430150056142655,0.0322939520634021,0.00262408213508277,-0.00412220890543646,-0.0184807212595298,-0.00927340887157928,-0.0295352368689283,0.0563150768560526,0.0653639627251966,-0.00371293956350224,-0.0194492608498918,-0.0101581340560401,0.0463196673211244,0.0412906547773147,-0.0117540588440557,0.00393043027608339,0.00752414247267933,0.0153368145251289,0.0202542042011794,0.0286169635052769,0.01319358716783,0.007292301833636,0.0126713101788821,0.0424948828794003,0.0188981026779997
"74",0.0297992745922461,0.0248551050621367,0.00354111257743678,0.0464006205005676,0.0113036101154894,-0.00110480819280866,-0.0591593672483874,0.0794434846190161,-0.0364915948653754,0.112060546945507,0.0133373684585863,0.0898419283676475,0.0383661181531855,-0.0263720633275085,-0.00203029455572261,0.0678100890914041,0.0646841821926551,-0.00609897865679933,-0.0129889035913609,-0.0950262722978051,0.011661625046983,0.0381455823688959,0.0141299535553497,-0.0238497523497571,-0.0374217467141024
"75",-0.0467468043609467,-0.0288953038147756,0.0183724545742453,0.00471342190431849,-0.00626600506212315,-0.020638444854642,0.0168616973416005,0.133899410944166,-0.00879538914762662,-0.0123920064775897,0.0236644507443237,0.100065546189568,-0.00842943460431993,-0.0641134563437455,0.104652721703668,-0.0183088470924247,0.0225308083921179,-0.0647122781655915,-0.0390768411286205,-0.0130119687143883,0.0619055497597487,-0.0300105033847785,-0.0147455424322633,0.00417107711068895,0.0537911922461351
"76",-0.0410432716937061,0.0356180102644242,0.0393372540833771,0.0422292052035468,0.00904532815407632,0.0177512446913283,0.0336200111042208,0.0289968952260587,0.0575290926922245,-0.0441835480585408,-0.0116736807285559,0.00655456051214384,-0.0360207357920376,0.0537824420769884,0.0680763470959522,-0.00839236164444303,-0.00851120069585163,0.0319872114932129,0.0721004908976259,-0.045708009088386,0.0653374725885404,0.0535613940677769,-0.041926816126695,0.0277758665572634,0.0794523261215115
"77",-0.0176291419979563,-0.00108597702159186,0.013302347886676,-0.0202767688249885,0.00373783346559397,0.0273118727071692,-0.0102439626516827,-0.00221079818863694,0.038673443900094,0.0203950038550371,0.0179411707074537,0.0748456541766846,-0.0153984811124614,0.0344265523522221,0.088419172666767,0.0115203581818609,-0.0208961706511012,0.0154078871292223,-0.0229973192043564,0.0332095853814383,-0.0104625312408822,0.00302657408669544,-0.0201623739549028,-0.0196864285930818,0.0431322517401854
"78",0.0374954229445015,0.044305748927364,0.00246380392196636,-0.0174349541310237,0.021517629383281,0.0278583177724446,-0.0550975088432353,-0.0157481736884803,0.0109897765674381,0.0393940369605884,-0.0587444735226079,-0.022064560401889,0.00223829673777485,0.0128945822206862,-0.0598411535951114,-0.0526817348610782,0.0247314819645284,0.0258837702290041,-0.0851428927466457,0.0145676593226537,-0.0607554845810403,0.0729951336940716,-0.0774536296870377,0.0323964361713005,0.0081768686402609
"79",0.0153428015400605,-0.0134617993621035,0.0417884422905724,0.0101417482548423,0.023931002893954,-0.0245522441828717,-0.0287119206102168,0.0511078059899006,0.0555357685030478,0.0558358747687128,0.0303354533246856,0.0431095056383465,-0.00575508537628744,-0.000689438593335905,0.0324969601295828,0.0181318918420373,-0.0438600418449552,0.0324138564448828,-0.0343701189921202,-0.0407736203183485,0.0919179742794197,0.0345213774150191,-0.00984963878001909,-0.00100458087030328,0.0794337105901458
"80",-0.0417321858709424,-0.0100691675433553,0.00452715991859221,-0.00995089238695454,-0.0127717729456557,0.0045496192286157,0.0207400700646597,-0.0127444435051817,-0.0232067556821131,-0.0488681312915639,-0.0121190715821438,0.00990324312235049,-0.00507419832890688,0.0103439566519097,0.0331117008307341,-0.0620909647343563,0.0394827857999416,-0.050417624743151,-0.018885264544128,-0.085079150967825,-0.0150801562837184,-0.0217089610241763,0.0489991260934929,-0.0208772566815626,0.0969193267168698
"81",0.0540766518720097,-0.00908652052602992,0.00680441768794783,-0.00348147482973263,0.0103400833313248,0.0228569913233309,0.0678837445550953,-0.0671471212241448,-0.00721698855416433,-0.0238627644748234,-0.00308283642684802,0.021073046913955,-0.00814080106149266,-0.0583779050086586,-0.0208150891451237,-0.0151286521786451,0.0188843255214489,-0.0729904317314437,-0.0174437530466316,0.00474029712092225,-0.0545712752889699,0.0569875631810347,-0.0357345301648839,-0.109934922069274,0.012238773518511
"82",0.0262437642927791,0.00296841598874102,-0.00741739648700199,0.00168974813872564,0.0207457112053892,-0.0312371629967116,-0.0298441606255995,0.00947362868181018,-0.0338142732584535,-0.0914474135603383,-0.0345131459669619,-0.0220627731801263,-0.052453145798144,-0.0189878448567904,-0.103479644817002,-0.0341916723727637,-0.0239597753522611,0.010008056622396,0.00951558593579789,0.046331591904222,0.0516551955148902,-0.0353806322263569,-0.0155586253480088,-0.0224332763148167,-0.0723670554692618
"83",-0.0840183848512528,-0.046201428637892,0.012356614414256,0.055183473653883,-0.00219074266607229,-0.0788617924457725,0.0168556755929426,0.0485647459042283,-0.113435861626088,0.0763065865027009,0.104392017113226,0.132652897966993,-0.00838624141175515,-0.0298357152457055,0.0323308003475927,-0.0265315274292254,0.0504672888954655,-0.015572536390117,0.0228259501751967,-0.10629022377347,0.22031692386676,-0.0517413233628628,0.0693584906332289,0.0292676609673923,-0.0583367273652752
"84",0.0981956412189473,-0.000745843527544536,-0.0578825868081014,-0.00572856625198467,-0.0328512361621228,-0.0170245734685213,-0.0125241288044788,-0.114068898902907,0.0839805258818719,0.0115650229387795,-0.0757551733651084,-0.0354698404726464,0.00898983996084765,-0.0313623352388763,0.000928224159066092,0.00700351824830035,-0.000899767993386471,-0.0451785804778942,0.0905565929044526,0.0568969606365493,-0.105385170091339,-0.0281021725034129,-0.0597394907911885,0.0226926496603483,-0.112392969838793
"85",-0.0498543892773672,0.0191371286162925,-0.010955640163936,-0.00696736981588062,-0.00492659989199877,-0.0216906805322689,-0.0255024352858838,-0.0115542648136205,-0.0167644897078442,-0.000572631901565783,0.018429924577496,-0.0106114074570206,0.00618111300942152,-0.0373560206080513,-0.0997632412446616,0.000987706179692336,-0.0309817949035081,-0.0118184354074724,0.0121233599087712,-0.0369504197970834,-0.0461329859015747,-0.0294393079109912,0.0275010570350853,0.0229408780393308,0.0203325841503558
"86",-0.0604995789005228,0.013280518975149,0.0215382651654978,-0.0157744512356903,0.0304153466146202,0.0344538234900731,0.0606457609832549,0.0380338851058641,0.0695091059249483,-0.099750085374158,0.00709976007066786,0.0448583549507586,-0.019087029280847,0.0986735035768624,0.0585641656698642,0.0354759351457392,0.0696624270302236,-0.0500778535470333,-0.011539585326108,-0.019936145526592,-0.0402324241901504,0.0467916268028132,0.0483232346032562,0.0215372529548498,-0.0223548363767419
"87",0.0856672938202227,0.060186188664615,0.0269111809429004,0.0158404450372847,-0.00119493919608483,0.0886983228242083,-0.106344342787775,-0.0924928387979617,0.0210821817299652,0.031609292479647,-0.0644327680488838,0.0673642864734264,0.036055472057709,0.0674004434498567,-0.0507477715725297,-0.109876454344313,-0.017332905965282,-0.0645714905865505,0.036727623626655,-0.00674015843715516,-0.042708255329684,0.0424806851356745,0.0425656483552763,-0.0336860737988917,0.0346064192292021
"88",0.0392474402053789,0.0407879131840369,0.0454900281178843,-0.0483186109043178,0.0234423242944216,0.0143105365573068,0.0123757171553154,0.0403485860714491,-0.00892512865231134,0.0172361563334877,-0.0407282789706162,-0.00177405467605815,-0.0553230762720684,0.0673997403391204,0.0598169844236166,0.00448891668654195,-0.00551508128044901,0.00811159102393448,-0.0272686050525561,-0.0158485098602093,-0.116368501134227,0.127834298870082,0.0335102008090344,-0.0640775470228962,0.000742790434422637
"89",-0.0366992610132583,0.0201198802175783,0.0123886767830807,0.0209632309598106,0.0497463542696441,-0.0398652659372791,0.0043360136286867,0.0394360617285676,-0.0164049745489003,0.0171262478480003,0.0381662953250345,0.0615657807561411,0.00671837544860758,0.0343616670240061,0.0108028903229217,-0.0429638987405823,-0.0243204704883799,0.102487161044607,0.0176787731722053,-0.077191139034276,0.101050679221789,0.0105926281964073,0.0631534411391817,0.0278084643341535,-0.0573495185982809
"90",-0.051015011619134,0.00354365777267683,0.0411003370250019,0.00406862918943318,0.000864092911319896,0.0484039366477659,0.00503786349432533,0.0739503737045818,0.0428997378648243,0.0241605623296204,0.0710330581489398,0.0123296014924285,0.0616045780845119,-0.00537212189281038,-0.00647440567941921,-0.0158248531925279,0.0243535557643387,-0.0483961489576529,-0.00873329879870884,-0.0341909502706573,0.0338237044092819,-0.0330504949872908,-0.0103591598683472,-0.0100004979996353,0.092328247955207
"91",0.0251938779051035,-0.00877262893592554,0.036928732261993,0.0213333654724939,0.0128909233663347,0.0176137210501653,-0.0379697990531589,-0.0439000792705444,-0.0549056163113086,0.0286013755848872,-0.0649667648327285,0.0531907467534735,0.000773780395383496,0.00204104809035848,0.111422282092247,-0.0411356079048261,0.0171696947548814,0.0280009440829999,0.10547699140868,-0.029855541825613,-0.0278932038648929,0.0893488982994122,-0.0147423131246516,-0.0619015356502933,-0.0132339765191695
"92",-0.0200479586102489,0.0218875592537852,-0.0353624668921034,0.00605047263281817,-0.0088654192920832,0.0427547783090679,-0.0086236676911156,-0.00501155380990872,0.0629747334714478,-0.00602280438497177,-0.00885077277280241,-0.00955036296314607,-0.0882553989129316,-0.0303307003269287,-0.0584025254943929,-0.00478041286912798,0.0247895950454508,0.0183114785977178,0.0539546942386057,-0.012452227976232,0.0676402036624497,-0.00130842005612755,0.048731292428541,0.0603377782655628,-0.0329088420530579
"93",-0.00587344821876041,0.0425031045395552,0.0582482351571817,0.00132154856463447,0.032693655239464,0.0129760377283516,-0.00374157682731399,0.0519007426256479,0.100015465590439,0.0345387762688373,-0.0685293706139967,0.0347398562455191,-0.00961657958635347,0.0104274703474776,-0.0238167565726329,-0.0334821835732208,-0.00855347025551116,0.00234573000860644,0.00625041577648997,-0.019001408713911,-0.0142878982866934,0.061908802107471,0.0332263819307171,-0.00575791905150624,0.0351692675845954
"94",0.0967028651677517,-0.0118456801592792,0.046013394896589,0.031590656916106,-0.010709075578681,0.0285573064431441,0.0579986801662955,-0.0261906047076687,-0.0533195957636787,0.0110923609024105,-0.0802555138227999,0.0561440338693367,5.03504194847354e-05,-0.0130405935690934,-0.0050672426435756,-0.108208341162515,0.0186108865811146,-0.000787240201101219,0.0023920794131998,0.0526773558114979,0.0332291530894935,0.0212684583323967,-0.0268162556484743,0.0202601308437827,0.0239128757006502
"95",-0.0280480980585633,0.018897071925962,-0.000808080422717523,-0.00614135546683402,-0.0313627749192676,0.0506172458283963,-0.0101261305625486,0.0750009452713828,-0.0153694791401828,0.0545835867591837,0.0179061056675578,0.0441114751230679,-0.0359331404201234,-0.0236083114502111,-0.0579796458459086,-0.000483392977863379,-0.0278620122688021,0.0209095651361619,-0.0118077960240299,-0.0263866147385116,-0.0260817118877021,0.0415145486835232,-0.0338706527127244,-0.0218191386471326,0.00655408314504575
"96",-0.0352604907125236,-0.0424394102983967,0.0636705195756854,0.0141601354948113,0.0113668431477772,-0.0214829400779707,-0.0201482316409841,0.0744869632918714,-0.0616289377745362,-0.00843356670426754,0.0267194732034076,0.0286646609716313,0.0245046535545343,-0.053665399483972,-0.00212960666790236,-0.0468033701401594,0.00660311677571352,0.0253978590481388,0.0193525500283175,-0.0481984541252776,0.0626812285741901,0.0617179566899815,0.0575293738100676,0.0248041787712066,0.0683206043026546
"97",0.000680388755251183,0.0659063446258714,0.00349411828698469,-0.00944805627895828,0.00311376740191493,0.064772994503636,-0.0585305689137256,-0.102421738800069,-0.0251030684020137,0.0643319906721118,-0.0108984645632687,-0.00935047056948869,-0.0677885328103357,-0.0699848763035427,0.0692944166318418,0.0146420738872553,0.0154439386245076,0.037863799162398,0.0669360954821146,0.0314106581361677,-0.00520798826312879,0.0667193007555335,-0.0610166129997049,-0.0358390390996812,-0.0457557950564474
"98",-0.0912861390195257,-0.00540269791508038,0.102300884346111,0.0265239134839241,0.0390442408971699,0.0486659007267269,0.097648250144198,0.0571445913298553,-0.132592340242418,0.0616692607893439,0.0112445625219579,0.161541674955143,0.0145473698188382,-0.0376508267451737,0.0737004006559959,0.0261809903731004,0.0101449731227727,0.00902245562571281,0.0378401740300626,-0.032862997608437,0.157589906310925,0.0692896767114904,0.0160126187357819,0.0861994964604202,-0.0161929420272534
"99",0.0177747048297419,0.0230584696538133,-0.0476132795384807,-0.0185201396906921,0.0107818795639925,-0.0157400245105428,-0.0696529424396223,0.0577963170245832,-0.00326267530855586,0.0434970139588043,-0.0913799586520673,-0.0649755356558483,0.0136505038231816,-0.0227972842483437,-0.0621238402082578,0.0482221888174452,0.0233804215655167,-0.00260993063924204,-0.0722926594322044,-0.000126167799061508,-0.104525735319929,-0.0281174638420655,0.0222848903330559,0.00268533572051148,-0.0902409210063895
"100",-0.00100336617967121,-0.0279488448788989,0.00743476278137806,0.0398256267004726,-0.0104052240497205,-0.0669708417382276,-0.0224116535437279,-0.0397933457998579,-0.123242391766798,-0.0201617012735323,0.0792895112124648,0.0203055900673195,-0.0398380654694708,-0.0615434378012231,0.0496261597599514,0.018448931982795,0.017702580902719,0.0097508999448156,0.0675090758474589,-0.0543971158117543,0.0852346012843623,0.0120051048086076,-0.0244609270635062,0.00734871144971919,-0.0605435098770387
